username,email,password,plan,payment,profiles
Gex,gex@crystaldynamics.com,b'gAAAAABqKsDdrk1xcnwSY89hr_TMUqAhpf4-ZssRyDZu_kchstIFDzJJ4ngz428REF4nWHogrQExvFD2twoGg9c09dw3pqc89Q==',0,1234567891000000,"[{'name': 'I love Gex', 'age': 20, 'watchlist': [0, 1, 2]}, {'name': 'gex jr', 'age': 2, 'watchlist': [0, 1, 2]}]"
Gex2,gex@gmail.com,b'gAAAAABqKsDdrk1xcnwSY89hr_TMUqAhpf4-ZssRyDZu_kchstIFDzJJ4ngz428REF4nWHogrQExvFD2twoGg9c09dw3pqc89Q==',0,123453467891000000,"[{'name': 'I lo4354ve Gex', 'age': 12, 'watchlist': [1, 2]}]"
Rez,Rez@TV.com,b'gAAAAABqN9awa2MCWB3rX2riuqbZ6BnMqHR4KOFdRhBvcofikrAkviEeM4OToC4GDSzffEDUUdZ0NuoH4vhO8FDVSG6pdWsCqQD_2uzZJ3lb8IKiX1nMQ1Y=',1,123453467891000000,"[{'name': 'aaaa', 'age': 50, 'watchlist': [2, 7, 10, 13, 20, 3, 6], 'history': []}, {'name': 'bbbb', 'age': 10, 'watchlist': [], 'history': []}, {'name': 'cccc', 'age': 17, 'watchlist': [], 'history': []}]"
MrDunne,ryan.dunne9@det.nsw.edu.au,b'gAAAAABqKsnIyd30Sg3o3MeTdDlNI6UIOgYCdMx4FTCshGhHluadi7v8FA0rRb9IdpSc2WoSrRekDnrzpWc_gt3jKZRBFTpO-A==',1,123453467891000000,"[{'name': 'I lo4354ve Gex', 'age': 36, 'watchlist': []}, {'name': 'I ha4534te Gex', 'age': 4, 'watchlist': []}]"
Aupen_D_Teszd,aupen.teszd@gmail.com,b'gAAAAABqLUAW6jgMaaVp2I3VHapsXqb87kTx7720GtpynBb92X_QNPLbwGfsecwxrVD8yyGkmYqd1_Hg5v4Y5zPo9fvBk-0jSA==',1,1234567890,"[{'name': 'Aupen ', 'age': 20, 'watchlist': [0, 1, 2]}]"
Lain,iwakura.lain@wired.com,b'gAAAAABqN8-Nyn2u4_SdW16YNN_eNjBtllw6DDijpPLpYkKin7c5SgaMjVvlkB0FZk3mp47x3FT-TRV6tI8Cx2iDendsS_zmEA==',1,123456789110,"[{'name': 'me', 'age': 13, 'watchlist': [1, 2]}, {'name': 'Wired me', 'age': 13, 'watchlist': [1, 2]}, {'name': 'evil me', 'age': 13, 'watchlist': [1, 2]}]"
Tails,miles.prower@sega.com,b'gAAAAABqN9ALyMONHhUd0jYHRRz_4jpORmjz_ra4Kkjdwvp6-6aNJHYeclfNRg2wXs3T7r6Nqb0NtA8Cvip43WHrK-WSc9Piow==',1,9999999999,"[{'name': 'Team Sonic', 'age': 15, 'watchlist': [1, 2]}, {'name': 'Team Dark', 'age': 15, 'watchlist': [1, 2]}, {'name': 'Team Rose', 'age': 14, 'watchlist': [1, 2]}, {'name': 'Team Chaotix', 'age': 13, 'watchlist': [1, 2]}]"
Utonium,professor.utonium@nickolodeon.com,b'gAAAAABqN9FaKKstPdzsEs_YyNiTOzAjEJ7mdefP9hczWuH6phtQq_ouiFJrzsG96ke1JR-PWgYsYMvDqu5UEzuQ6TxA1wFfC-uDtRHdBVyFwWt8y1UqI0KDVbLUWRxRI8n6ZMHeazA-',1,9999999998,"[{'name': 'Blossom', 'age': 5, 'watchlist': [2, 0, 3, 10], 'history': []}, {'name': 'Buttercup', 'age': 5, 'watchlist': [8, 23], 'history': []}, {'name': 'Bubbles', 'age': 5, 'watchlist': [1, 2, 5, 12, 13, 16], 'history': [5]}]"
Bananas,donkey.kong@country.com,b'gAAAAABqN9KrWGUS0nuzMwSdVWPzi0FTY2PTf3NAYyeal6RKEX4WkXmGtEbqQSorkjAc_4BIGMClJdGk5jqk9oeyuA3PF6eYyw==',0,1111111111,"[{'name': 'Donkey', 'age': 28, 'watchlist': [1, 38]}, {'name': 'Diddy', 'age': 12, 'watchlist': [5, 13]}, {'name': 'Cranky', 'age': 45, 'watchlist': [1, 9,37]}, {'name': 'Dixie', 'age': 14, 'watchlist': [1, 3]}]"
Qt,trolltech@hotmail.com,b'gAAAAABqN9OyDLDu0_CTLsKvz4YQUi053Y8HZZi-UbvO1sugWRLy7a4SSuPlOOV08KLyxHmALv2fqArAvfsjygxSZd4TcTGjfg==',1,999999999999,"[{'name': 'Tk', 'age': 35, 'watchlist': [1, 2], 'history': []}, {'name': 'Cocoa', 'age': 25, 'watchlist': [4, 5, 18, 43, 20, 19], 'history': []}, {'name': 'Qt', 'age': 31, 'watchlist': [1, 2], 'history': []}, {'name': 'JavaFX', 'age': 17, 'watchlist': [1, 2], 'history': []}]"